INSERT INTO categories (id, name)
 values
    (1,'Продукти та супермаркети'),
    (2,'Бізнес, фінанси та сервіси'),
    (3,'Торгові центри та Універмаги'),
    (4,'Медицина та здоров''я'),
    (5,'Заклади харчування'),
    (6,'Туризм та відпочинок'),
    (7,'Електроніка та побутова техніка'),
    (8,'Будинок, ремонт та будівництво'),
    (9,'Послуги краси'),
    (10,'Одяг, взуття та аксесуари');

INSERT INTO organizations (id, 
name, 
description, 
website_url, 
social_links, 
contacts, 
working_hours, 
status, 
approved_at, 
created_at, 
updated_at
)
 values
    (1, 
'METRO Кривий Ріг', 
NULL, 
'https://www.metro.ua/stores/kruvuj-rig-tz20', 
NULL, 
'{"phone_numbers":["0-800-501-401","0 800 501 401"],"email":"contactcenter@metro.ua"}', 
'Mo-Su 07:00-20:00', 
'approved', 
NOW(), 
NOW(), 
NOW()
),
    (2, 
'ПриватБанк', 
NULL, 
NULL, 
NULL, 
NULL, 
'08:30-19:00', 
'approved', 
NOW(), 
NOW(), 
NOW()
),
    (3, 
'Аркада', 
NULL, 
NULL, 
NULL, 
NULL, 
NULL, 
'approved', 
NOW(), 
NOW(), 
NOW()
),
    (4, 
'Піраміда', 
NULL, 
NULL, 
NULL, 
NULL, 
NULL, 
'approved', 
NOW(), 
NOW(), 
NOW()
),
    (5, 
'Південкомбанк', 
NULL, 
NULL, 
NULL, 
NULL, 
NULL, 
'approved', 
NOW(), 
NOW(), 
NOW()
),
    (6, 
'Явір-2000 Кривий Ріг', 
NULL, 
'https://yavir2000.com/', 
NULL, 
NULL, 
'Mo-Fr 08:00-17:00', 
'approved', 
NOW(), 
NOW(), 
NOW()
),
    (7, 
'Стоматологічна поліклініка №2', 
NULL, 
NULL, 
NULL, 
NULL, 
NULL, 
'approved', 
NOW(), 
NOW(), 
NOW()
),
    (8, 
'2 гуся', 
NULL, 
NULL, 
NULL, 
NULL, 
NULL, 
'approved', 
NOW(), 
NOW(), 
NOW()
),
    (9, 
'Арена', 
NULL, 
'http://arena.kr.ua/', 
NULL, 
'{"phone_numbers":["+380 564 92 8846","+380 67 990 7461"]}', 
NULL, 
'approved', 
NOW(), 
NOW(), 
NOW()
),
    (10, 
'Фокстрот', 
NULL, 
'https://www.foxtrot.com.ua/', 
NULL, 
'{"phone_numbers":["+380 564 09 4343","0 800 300 353"]}', 
'Mo-Su 09:00-20:00', 
'approved', 
NOW(), 
NOW(), 
NOW()
),
    (11, 
'Європейський дім торгівлі', 
NULL, 
NULL, 
NULL, 
NULL, 
NULL, 
'approved', 
NOW(), 
NOW(), 
NOW()
),
    (12, 
'UniCreditBank', 
NULL, 
NULL, 
NULL, 
NULL, 
NULL, 
'approved', 
NOW(), 
NOW(), 
NOW()
),
    (13, 
'Водолей', 
NULL, 
NULL, 
NULL, 
NULL, 
NULL, 
'approved', 
NOW(), 
NOW(), 
NOW()
),
    (14, 
'Торговий дім', 
NULL, 
NULL, 
NULL, 
NULL, 
NULL, 
'approved', 
NOW(), 
NOW(), 
NOW()
),
    (15, 
'АТБ-Маркет', 
NULL, 
'https://www.atbmarket.com/uk', 
NULL, 
'{"phone_numbers":["0 800 500 415"]}', 
'24/7', 
'approved', 
NOW(), 
NOW(), 
NOW()
),
    (16, 
'Дитяча стоматологія', 
NULL, 
NULL, 
NULL, 
'{"phone_numbers":["+380 564 71 1053"]}', 
NULL, 
'approved', 
NOW(), 
NOW(), 
NOW()
),
    (17, 
'Імперіал', 
NULL, 
NULL, 
NULL, 
NULL, 
NULL, 
'approved', 
NOW(), 
NOW(), 
NOW()
),
    (18, 
'McDonald''s', 
NULL, 
'https://www.mcdonalds.ua/', 
NULL, 
'{"phone_numbers":["+380 50 463 9116"]}', 
'Mo-Su 06:00-23:00', 
'approved', 
NOW(), 
NOW(), 
NOW()
),
    (19, 
'Галерея-Нова ТЦ', 
NULL, 
NULL, 
NULL, 
NULL, 
NULL, 
'approved', 
NOW(), 
NOW(), 
NOW()
),
    (20, 
'Аврора', 
NULL, 
NULL, 
NULL, 
NULL, 
NULL, 
'approved', 
NOW(), 
NOW(), 
NOW()
),
    (21, 
'Плаза 1', 
NULL, 
NULL, 
NULL, 
NULL, 
NULL, 
'approved', 
NOW(), 
NOW(), 
NOW()
),
    (22, 
'Плаза 2', 
NULL, 
NULL, 
NULL, 
NULL, 
NULL, 
'approved', 
NOW(), 
NOW(), 
NOW()
),
    (23, 
'UkrSibbank', 
NULL, 
'https://my.ukrsibbank.com/', 
'{"facebook":"https://www.facebook.com/ukrsibbank","instagram":"https://www.instagram.com/ukrsibbank"}', 
'{"phone_numbers":["+380 44 590 0675","+380 44 590 0690","+380 800 505 800"]}', 
'Mo-Fr 09:00-17:00', 
'approved', 
NOW(), 
NOW(), 
NOW()
),
    (24, 
'Сатурн', 
NULL, 
NULL, 
NULL, 
NULL, 
NULL, 
'approved', 
NOW(), 
NOW(), 
NOW()
),
    (25, 
'Стоматологічна поліклініка №7', 
NULL, 
NULL, 
NULL, 
NULL, 
NULL, 
'approved', 
NOW(), 
NOW(), 
NOW()
),
    (26, 
'Орбіта', 
NULL, 
NULL, 
NULL, 
NULL, 
NULL, 
'approved', 
NOW(), 
NOW(), 
NOW()
),
    (27, 
'Едельвейс', 
NULL, 
NULL, 
NULL, 
NULL, 
NULL, 
'approved', 
NOW(), 
NOW(), 
NOW()
),
    (28, 
'Raziotel', 
NULL, 
'www.kr-hotels.com.ua', 
NULL, 
'{"phone_numbers":["+380 564 04 8008","+380 564 04 8011"],"email":"kryvyi.rih.hotel@raziotel.com"}', 
NULL, 
'approved', 
NOW(), 
NOW(), 
NOW()
),
    (29, 
'Криворізький центр СНІД', 
NULL, 
NULL, 
NULL, 
NULL, 
NULL, 
'approved', 
NOW(), 
NOW(), 
NOW()
),
    (30, 
'Бульвар', 
NULL, 
NULL, 
NULL, 
NULL, 
NULL, 
'approved', 
NOW(), 
NOW(), 
NOW()
),
    (31, 
'Міська дитяча лікарня №1', 
NULL, 
NULL, 
NULL, 
NULL, 
NULL, 
'approved', 
NOW(), 
NOW(), 
NOW()
),
    (32, 
'Varus', 
NULL, 
'https://varus.ua/', 
NULL, 
'{"phone_numbers":["+380 564 99 0121","0 800 307 080","+380 564 99 0116","+380 564 99 1506","+380 564 99 0092","+380 564 99 0171","+380 564 99 0119","+380 564 99 0113","+380 564 99 0103","+380 564 99 0153","+380 564 99 0159"]}', 
'24/7', 
'approved', 
NOW(), 
NOW(), 
NOW()
),
    (33, 
'Ощадбанк', 
NULL, 
NULL, 
'{"facebook":"https://www.facebook.com/oschadbank","instagram":"https://www.instagram.com/oschadbank_official"}', 
'{"phone_numbers":["+380 564 05 5236"]}', 
'Mo-Fr 00:00-24:00; Su 08:00-17:00; Sa 09:00-13:00', 
'approved', 
NOW(), 
NOW(), 
NOW()
),
    (34, 
'Економний', 
NULL, 
NULL, 
NULL, 
NULL, 
NULL, 
'approved', 
NOW(), 
NOW(), 
NOW()
),
    (35, 
'Манго', 
NULL, 
NULL, 
NULL, 
NULL, 
'Mo-Su 07:00-21:00', 
'approved', 
NOW(), 
NOW(), 
NOW()
),
    (36, 
'Міський пологовий будинок № 1', 
NULL, 
NULL, 
NULL, 
NULL, 
NULL, 
'approved', 
NOW(), 
NOW(), 
NOW()
),
    (37, 
'Ремпобуттехніка', 
NULL, 
NULL, 
NULL, 
NULL, 
NULL, 
'approved', 
NOW(), 
NOW(), 
NOW()
),
    (38, 
'Медіком', 
NULL, 
NULL, 
NULL, 
NULL, 
NULL, 
'approved', 
NOW(), 
NOW(), 
NOW()
),
    (39, 
'Україночка', 
NULL, 
'https://uahotel.com.ua/', 
NULL, 
'{"phone_numbers":["+380 67 564 8999","+380 564 26 6545"],"email":"gkukrainochka@gmail.com"}', 
NULL, 
'approved', 
NOW(), 
NOW(), 
NOW()
),
    (40, 
'Гінекологічне відділення', 
NULL, 
NULL, 
NULL, 
NULL, 
NULL, 
'approved', 
NOW(), 
NOW(), 
NOW()
),
    (41, 
'Продовольчі товари', 
NULL, 
NULL, 
NULL, 
NULL, 
NULL, 
'approved', 
NOW(), 
NOW(), 
NOW()
),
    (42, 
'Амбулаторія ЦПМСД №6', 
NULL, 
NULL, 
NULL, 
NULL, 
'Mo-Fr 08:00-18:00', 
'approved', 
NOW(), 
NOW(), 
NOW()
),
    (43, 
'Теплосила', 
NULL, 
NULL, 
NULL, 
NULL, 
NULL, 
'approved', 
NOW(), 
NOW(), 
NOW()
),
    (44, 
'Поліклініка', 
NULL, 
NULL, 
NULL, 
NULL, 
NULL, 
'approved', 
NOW(), 
NOW(), 
NOW()
),
    (45, 
'Південний', 
NULL, 
NULL, 
NULL, 
NULL, 
NULL, 
'approved', 
NOW(), 
NOW(), 
NOW()
),
    (46, 
'Взлетка', 
NULL, 
NULL, 
NULL, 
NULL, 
NULL, 
'approved', 
NOW(), 
NOW(), 
NOW()
),
    (47, 
'Стоматологічна поліклініка №4', 
NULL, 
NULL, 
NULL, 
NULL, 
NULL, 
'approved', 
NOW(), 
NOW(), 
NOW()
),
    (48, 
'Терези', 
NULL, 
NULL, 
NULL, 
NULL, 
NULL, 
'approved', 
NOW(), 
NOW(), 
NOW()
),
    (49, 
'Промінь', 
NULL, 
NULL, 
NULL, 
NULL, 
NULL, 
'approved', 
NOW(), 
NOW(), 
NOW()
),
    (50, 
'Державні Юридичні Консультації', 
NULL, 
NULL, 
NULL, 
NULL, 
NULL, 
'approved', 
NOW(), 
NOW(), 
NOW()
),
    (51, 
'Стоматологічна поліклініка №1', 
NULL, 
NULL, 
NULL, 
NULL, 
NULL, 
'approved', 
NOW(), 
NOW(), 
NOW()
),
    (52, 
'Промінвест банк', 
NULL, 
NULL, 
NULL, 
NULL, 
NULL, 
'approved', 
NOW(), 
NOW(), 
NOW()
),
    (53, 
'Бочка', 
NULL, 
NULL, 
NULL, 
'{"phone_numbers":["+380 564 04 3582"]}', 
NULL, 
'approved', 
NOW(), 
NOW(), 
NOW()
),
    (54, 
'Майстерня тіла', 
NULL, 
NULL, 
NULL, 
NULL, 
NULL, 
'approved', 
NOW(), 
NOW(), 
NOW()
),
    (55, 
'Сонячна галерея', 
NULL, 
NULL, 
NULL, 
NULL, 
'10:00-21:00', 
'approved', 
NOW(), 
NOW(), 
NOW()
),
    (56, 
'Маяк', 
NULL, 
NULL, 
NULL, 
NULL, 
NULL, 
'approved', 
NOW(), 
NOW(), 
NOW()
),
    (57, 
'Мій супер маркет', 
NULL, 
NULL, 
NULL, 
NULL, 
NULL, 
'approved', 
NOW(), 
NOW(), 
NOW()
),
    (58, 
'ТЦ "Ліберті"', 
NULL, 
NULL, 
NULL, 
NULL, 
NULL, 
'approved', 
NOW(), 
NOW(), 
NOW()
),
    (59, 
'Лаванда', 
NULL, 
NULL, 
NULL, 
'{"phone_numbers":["+380 98 559 5068"]}', 
'Mo-Su 09:00-22:00', 
'approved', 
NOW(), 
NOW(), 
NOW()
),
    (60, 
'Пурі Чвені', 
NULL, 
'https://kr.purichveni.com.ua/', 
'{"instagram":"https://www.instagram.com/puri_chveni_kr/"}', 
'{"phone_numbers":["+380671227373"]}', 
'Mo-Su 11:00-22:00', 
'approved', 
NOW(), 
NOW(), 
NOW()
),
    (61, 
'Соцгород', 
NULL, 
NULL, 
NULL, 
NULL, 
NULL, 
'approved', 
NOW(), 
NOW(), 
NOW()
),
    (62, 
'ATB', 
NULL, 
NULL, 
NULL, 
NULL, 
NULL, 
'approved', 
NOW(), 
NOW(), 
NOW()
),
    (63, 
'Жасмін', 
NULL, 
NULL, 
NULL, 
NULL, 
NULL, 
'approved', 
NOW(), 
NOW(), 
NOW()
),
    (64, 
'Вектор', 
NULL, 
NULL, 
NULL, 
NULL, 
NULL, 
'approved', 
NOW(), 
NOW(), 
NOW()
),
    (65, 
'Альфа-Банк', 
NULL, 
'https://alfabank.ua/', 
'{"facebook":"https://www.facebook.com/AlfaBankUkraine/"}', 
'{"phone_numbers":["+380 564 99 0027"],"email":"ccd@alfabank.kiev.ua"}', 
'Mo-Fr 09:00-18:00', 
'approved', 
NOW(), 
NOW(), 
NOW()
),
    (66, 
'Сільпо', 
NULL, 
'https://silpo.ua', 
'{"facebook":"https://www.facebook.com/silpo","instagram":"https://www.instagram.com/silpoua/","telegram":"https://t.me/silposilpo"}', 
'{"phone_numbers":["0 800 301 707"],"email":"program@silpo.ua"}', 
'Mo-Su 8:00-22:00', 
'approved', 
NOW(), 
NOW(), 
NOW()
),
    (67, 
'Дитячий туберкульозний санаторій', 
NULL, 
NULL, 
NULL, 
NULL, 
NULL, 
'approved', 
NOW(), 
NOW(), 
NOW()
),
    (68, 
'Святошин', 
NULL, 
NULL, 
NULL, 
NULL, 
NULL, 
'approved', 
NOW(), 
NOW(), 
NOW()
),
    (69, 
'Брусничка', 
NULL, 
NULL, 
NULL, 
NULL, 
NULL, 
'approved', 
NOW(), 
NOW(), 
NOW()
),
    (70, 
'Птиця', 
NULL, 
NULL, 
NULL, 
NULL, 
'Mo-Su 08:00-13:00, 13:30-21:00', 
'approved', 
NOW(), 
NOW(), 
NOW()
),
    (71, 
'Торговий Дім', 
NULL, 
NULL, 
NULL, 
NULL, 
NULL, 
'approved', 
NOW(), 
NOW(), 
NOW()
),
    (72, 
'ТЦ Проспект', 
NULL, 
NULL, 
NULL, 
NULL, 
'07:00-23:00', 
'approved', 
NOW(), 
NOW(), 
NOW()
),
    (73, 
'Едем', 
NULL, 
NULL, 
NULL, 
NULL, 
NULL, 
'approved', 
NOW(), 
NOW(), 
NOW()
),
    (74, 
'Вилен', 
NULL, 
NULL, 
NULL, 
NULL, 
NULL, 
'approved', 
NOW(), 
NOW(), 
NOW()
),
    (75, 
'ФоксМарт', 
NULL, 
NULL, 
NULL, 
NULL, 
NULL, 
'approved', 
NOW(), 
NOW(), 
NOW()
),
    (76, 
'Вина світу', 
NULL, 
NULL, 
NULL, 
NULL, 
NULL, 
'approved', 
NOW(), 
NOW(), 
NOW()
),
    (77, 
'Криворізька міська лікарня №9', 
NULL, 
NULL, 
NULL, 
'{"phone_numbers":["+380 564 66 2325"]}', 
NULL, 
'approved', 
NOW(), 
NOW(), 
NOW()
),
    (78, 
'Зоряна', 
NULL, 
NULL, 
NULL, 
NULL, 
NULL, 
'approved', 
NOW(), 
NOW(), 
NOW()
),
    (79, 
'Колиба', 
NULL, 
NULL, 
NULL, 
NULL, 
NULL, 
'approved', 
NOW(), 
NOW(), 
NOW()
),
    (80, 
'Voshod Plaza', 
NULL, 
NULL, 
NULL, 
NULL, 
NULL, 
'approved', 
NOW(), 
NOW(), 
NOW()
),
    (81, 
'Будинок торгівлі', 
NULL, 
NULL, 
NULL, 
NULL, 
NULL, 
'approved', 
NOW(), 
NOW(), 
NOW()
),
    (82, 
'Автограф', 
NULL, 
NULL, 
NULL, 
'{"phone_numbers":["+380 564 92 2465"]}', 
'11:00-24:00', 
'approved', 
NOW(), 
NOW(), 
NOW()
),
    (83, 
'Сантехника', 
NULL, 
NULL, 
NULL, 
NULL, 
NULL, 
'approved', 
NOW(), 
NOW(), 
NOW()
),
    (84, 
'Тройка', 
NULL, 
NULL, 
NULL, 
NULL, 
NULL, 
'approved', 
NOW(), 
NOW(), 
NOW()
),
    (85, 
'33м2', 
NULL, 
'https://33m2.com.ua/', 
'{"facebook":"https://www.facebook.com/33kvadratnyhmetry"}', 
'{"phone_numbers":["+380 98 131 7670","+380 96 650 2491"]}', 
'Mo-Su 08:00-19:00', 
'approved', 
NOW(), 
NOW(), 
NOW()
),
    (86, 
'Optima Hotel Deluxe', 
NULL, 
NULL, 
NULL, 
'{"phone_numbers":["+380 564 09 2545"]}', 
NULL, 
'approved', 
NOW(), 
NOW(), 
NOW()
),
    (87, 
'Thrash! Траш!', 
NULL, 
'https://thrash.ua', 
'{"facebook":"https://www.facebook.com/thrash.ua","instagram":"https://www.instagram.com/thrash_market.super"}', 
'{"phone_numbers":["0 800 300 890"],"email":"info@thrash.ua"}', 
'Mo-Su 7:00-22:00', 
'approved', 
NOW(), 
NOW(), 
NOW()
),
    (88, 
'Юкон', 
NULL, 
NULL, 
NULL, 
NULL, 
NULL, 
'approved', 
NOW(), 
NOW(), 
NOW()
),
    (89, 
'Харчі', 
NULL, 
NULL, 
NULL, 
NULL, 
NULL, 
'approved', 
NOW(), 
NOW(), 
NOW()
),
    (90, 
'Центральний', 
NULL, 
NULL, 
NULL, 
NULL, 
NULL, 
'approved', 
NOW(), 
NOW(), 
NOW()
),
    (91, 
'Вогник', 
NULL, 
NULL, 
NULL, 
NULL, 
NULL, 
'approved', 
NOW(), 
NOW(), 
NOW()
),
    (92, 
'Успех', 
NULL, 
NULL, 
NULL, 
NULL, 
'Mo-Su 07:30-22:00', 
'approved', 
NOW(), 
NOW(), 
NOW()
),
    (93, 
'АТБ №47', 
NULL, 
NULL, 
NULL, 
NULL, 
'24/7', 
'approved', 
NOW(), 
NOW(), 
NOW()
),
    (94, 
'Tarantino', 
NULL, 
NULL, 
NULL, 
NULL, 
NULL, 
'approved', 
NOW(), 
NOW(), 
NOW()
),
    (95, 
'Бажаємо здоров''я', 
NULL, 
NULL, 
NULL, 
NULL, 
NULL, 
'approved', 
NOW(), 
NOW(), 
NOW()
),
    (96, 
'ТЦ "TERRA"', 
NULL, 
NULL, 
NULL, 
NULL, 
NULL, 
'approved', 
NOW(), 
NOW(), 
NOW()
),
    (97, 
'Зручний', 
NULL, 
NULL, 
NULL, 
NULL, 
NULL, 
'approved', 
NOW(), 
NOW(), 
NOW()
),
    (98, 
'Родонова водолікарня', 
NULL, 
NULL, 
NULL, 
NULL, 
NULL, 
'approved', 
NOW(), 
NOW(), 
NOW()
),
    (99, 
'РІВ''ЄРА КАФЕ', 
NULL, 
NULL, 
NULL, 
NULL, 
NULL, 
'approved', 
NOW(), 
NOW(), 
NOW()
),
    (100, 
'Водолій', 
NULL, 
NULL, 
NULL, 
NULL, 
NULL, 
'approved', 
NOW(), 
NOW(), 
NOW()
),
    (101, 
'Холодок', 
NULL, 
NULL, 
NULL, 
NULL, 
'24/7', 
'approved', 
NOW(), 
NOW(), 
NOW()
),
    (102, 
'Будматеріали', 
NULL, 
NULL, 
NULL, 
NULL, 
'Mo-Su 09:00-19:00', 
'approved', 
NOW(), 
NOW(), 
NOW()
),
    (103, 
'Ресторан "Бірюза"', 
NULL, 
NULL, 
NULL, 
NULL, 
NULL, 
'approved', 
NOW(), 
NOW(), 
NOW()
),
    (104, 
'Міська лікарня №8', 
NULL, 
'https://krmisto.gov.ua/ua/hospitals/8.html', 
NULL, 
'{"phone_numbers":["+380 68 032 8834"],"email":"8likarnya@gmail.com"}', 
NULL, 
'approved', 
NOW(), 
NOW(), 
NOW()
),
    (105, 
'Комунальне підприємство "Криворізький шкірно-венерологічний диспансер"', 
NULL, 
NULL, 
NULL, 
NULL, 
NULL, 
'approved', 
NOW(), 
NOW(), 
NOW()
),
    (106, 
'Криворізька міська лікарня №17', 
NULL, 
'https://krmisto.gov.ua/ua/hospitals/13.html', 
NULL, 
'{"phone_numbers":["+380 67 914 5025"]}', 
NULL, 
'approved', 
NOW(), 
NOW(), 
NOW()
),
    (107, 
'Гурівський', 
NULL, 
NULL, 
NULL, 
NULL, 
NULL, 
'approved', 
NOW(), 
NOW(), 
NOW()
),
    (108, 
'"Старий млин"', 
NULL, 
NULL, 
NULL, 
NULL, 
NULL, 
'approved', 
NOW(), 
NOW(), 
NOW()
),
    (109, 
'GLORY.UA', 
NULL, 
NULL, 
NULL, 
NULL, 
NULL, 
'approved', 
NOW(), 
NOW(), 
NOW()
),
    (110, 
'Pizza Day', 
NULL, 
NULL, 
NULL, 
NULL, 
NULL, 
'approved', 
NOW(), 
NOW(), 
NOW()
),
    (111, 
'Malina', 
NULL, 
NULL, 
NULL, 
'{"phone_numbers":["+380975995509"]}', 
NULL, 
'approved', 
NOW(), 
NOW(), 
NOW()
),
    (112, 
'ТЦ «Молодіжний»', 
NULL, 
NULL, 
NULL, 
NULL, 
NULL, 
'approved', 
NOW(), 
NOW(), 
NOW()
),
    (113, 
'Криворіжелектромонтаж', 
NULL, 
NULL, 
NULL, 
NULL, 
NULL, 
'approved', 
NOW(), 
NOW(), 
NOW()
),
    (114, 
'АТБ №280', 
NULL, 
NULL, 
NULL, 
NULL, 
'Mo-Su 08:00-22:00', 
'approved', 
NOW(), 
NOW(), 
NOW()
),
    (115, 
'Вет. аптека "Чотири лапи"', 
NULL, 
NULL, 
NULL, 
'{"phone_numbers":["+380 98 996 2318"]}', 
NULL, 
'approved', 
NOW(), 
NOW(), 
NOW()
),
    (116, 
'Подорожник', 
'Подорожник – найбільша мережа аптек України. Асортимент налічує понад 20 000 товарів. У аптеці ви можете придбати потрібні ліки, косметику та інші медзасоби.', 
'https://podorozhnyk.com', 
NULL, 
'{"phone_numbers":["0800303111"]}', 
'Mo-Fr 10:00-18:00; Sa 10:00-15:00', 
'approved', 
NOW(), 
NOW(), 
NOW()
),
    (117, 
'Покровський', 
NULL, 
NULL, 
NULL, 
NULL, 
NULL, 
'approved', 
NOW(), 
NOW(), 
NOW()
),
    (118, 
'АТБ №113', 
NULL, 
NULL, 
NULL, 
NULL, 
'24/7', 
'approved', 
NOW(), 
NOW(), 
NOW()
),
    (119, 
'Продукти', 
NULL, 
NULL, 
NULL, 
NULL, 
'Mo-Sa 08:00-22:00', 
'approved', 
NOW(), 
NOW(), 
NOW()
),
    (120, 
'Гален', 
NULL, 
NULL, 
NULL, 
NULL, 
NULL, 
'approved', 
NOW(), 
NOW(), 
NOW()
),
    (121, 
'АТБ №92', 
NULL, 
NULL, 
NULL, 
NULL, 
NULL, 
'approved', 
NOW(), 
NOW(), 
NOW()
),
    (122, 
'Лідер', 
NULL, 
NULL, 
NULL, 
NULL, 
NULL, 
'approved', 
NOW(), 
NOW(), 
NOW()
),
    (123, 
'EconomClass', 
NULL, 
NULL, 
NULL, 
NULL, 
NULL, 
'approved', 
NOW(), 
NOW(), 
NOW()
),
    (124, 
'Жар-Піца', 
NULL, 
NULL, 
NULL, 
NULL, 
NULL, 
'approved', 
NOW(), 
NOW(), 
NOW()
),
    (125, 
'Салтовски ковбаси', 
NULL, 
NULL, 
NULL, 
NULL, 
NULL, 
'approved', 
NOW(), 
NOW(), 
NOW()
),
    (126, 
'Аптека Подорожник', 
'Подорожник – найбільша мережа аптек України. Асортимент налічує понад 20 000 товарів. У аптеці ви можете придбати потрібні ліки, косметику та інші медзасоби.', 
'https://podorozhnyk.com', 
NULL, 
'{"phone_numbers":["0800303111"]}', 
'Mo-Fr 10:00-18:00; Sa 10:00-15:00', 
'approved', 
NOW(), 
NOW(), 
NOW()
),
    (127, 
'Базарний', 
NULL, 
NULL, 
NULL, 
NULL, 
NULL, 
'approved', 
NOW(), 
NOW(), 
NOW()
),
    (128, 
'РАДАБАНК, Відділення №18', 
NULL, 
'https://www.radabank.com.ua/', 
NULL, 
'{"phone_numbers":["+380 564 23 3002","0 800 500 999"]}', 
'Відділення: Пн-Пт 09:00-18:00 Каса: Пн-Пт 09:00-17:45 Тех. перерва: 12:30-13:30', 
'approved', 
NOW(), 
NOW(), 
NOW()
),
    (129, 
'Естет', 
NULL, 
NULL, 
NULL, 
NULL, 
NULL, 
'approved', 
NOW(), 
NOW(), 
NOW()
),
    (130, 
'Теплая Корчма', 
NULL, 
NULL, 
NULL, 
NULL, 
NULL, 
'approved', 
NOW(), 
NOW(), 
NOW()
),
    (131, 
'Апельсин', 
NULL, 
NULL, 
NULL, 
NULL, 
NULL, 
'approved', 
NOW(), 
NOW(), 
NOW()
),
    (132, 
'Рукоділка', 
NULL, 
NULL, 
NULL, 
NULL, 
'Mo-Fr 09:00-18:00; Sa 10:00-15:00', 
'approved', 
NOW(), 
NOW(), 
NOW()
),
    (133, 
'777', 
NULL, 
NULL, 
NULL, 
NULL, 
'24/7', 
'approved', 
NOW(), 
NOW(), 
NOW()
),
    (134, 
'Вентскомплект', 
NULL, 
'https://vents.ua/', 
NULL, 
'{"phone_numbers":["+380 67 638 0108"],"email":"vents_zao@ukr.net"}', 
'Mo-Fr 09:00-17:00', 
'approved', 
NOW(), 
NOW(), 
NOW()
),
    (135, 
'АлкоМаг', 
NULL, 
NULL, 
NULL, 
NULL, 
NULL, 
'approved', 
NOW(), 
NOW(), 
NOW()
),
    (136, 
'Криворіжська пасажирська вагонна дільниця ПКВЧ-9', 
NULL, 
NULL, 
NULL, 
NULL, 
NULL, 
'approved', 
NOW(), 
NOW(), 
NOW()
),
    (137, 
'ЕлектроСНАБ', 
NULL, 
'http://elektrosnab.com.ua', 
NULL, 
'{"phone_numbers":["+380 564 93 2028"],"email":"snab-kr@mail.ru"}', 
'Mo-Sa 09:00-18:00', 
'approved', 
NOW(), 
NOW(), 
NOW()
),
    (138, 
'Львівська майстерня шоколаду', 
NULL, 
'https://www.chocolate.lviv.ua/', 
NULL, 
'{"phone_numbers":["+380 68 543 1459"]}', 
NULL, 
'approved', 
NOW(), 
NOW(), 
NOW()
),
    (139, 
'Гончарова', 
NULL, 
NULL, 
NULL, 
NULL, 
NULL, 
'approved', 
NOW(), 
NOW(), 
NOW()
),
    (140, 
'Козоброд', 
NULL, 
NULL, 
NULL, 
NULL, 
NULL, 
'approved', 
NOW(), 
NOW(), 
NOW()
),
    (141, 
'Чп Кот', 
NULL, 
NULL, 
NULL, 
NULL, 
NULL, 
'approved', 
NOW(), 
NOW(), 
NOW()
),
    (142, 
'Лоцман', 
NULL, 
NULL, 
NULL, 
NULL, 
NULL, 
'approved', 
NOW(), 
NOW(), 
NOW()
),
    (143, 
'Разгуляево', 
NULL, 
NULL, 
NULL, 
NULL, 
'Mo-Su 09:00-22:00', 
'approved', 
NOW(), 
NOW(), 
NOW()
),
    (144, 
'Coffee Break', 
NULL, 
NULL, 
NULL, 
NULL, 
'Mo-Su 08:00-20:00', 
'approved', 
NOW(), 
NOW(), 
NOW()
),
    (145, 
'Східна кухня', 
NULL, 
NULL, 
NULL, 
NULL, 
'Mo-Su 08:00-20:00', 
'approved', 
NOW(), 
NOW(), 
NOW()
),
    (146, 
'Білий вітер. Компанія ІТ', 
'Компанія Білий вітер займається розробкою веб-сайтів, автоматизацією бізнес-процесів та обліку підприємсв.', 
'https://wwind.ua/', 
NULL, 
'{"phone_numbers":["+380 564 09 9403"],"email":"office@wwind.ua"}', 
'Mo-Fr 08:00-17:00', 
'approved', 
NOW(), 
NOW(), 
NOW()
),
    (147, 
'Криворізька кав''ярня', 
NULL, 
NULL, 
NULL, 
NULL, 
'Mo-Su 07:30-20:30', 
'approved', 
NOW(), 
NOW(), 
NOW()
),
    (148, 
'Нектар', 
NULL, 
NULL, 
NULL, 
NULL, 
NULL, 
'approved', 
NOW(), 
NOW(), 
NOW()
),
    (149, 
'Аптека низьких цін', 
NULL, 
'https://www.aptekanizkihcen.ua/', 
NULL, 
'{"phone_numbers":["+380564430630"],"email":"goryachayaliniya@uft.zp.ua"}', 
NULL, 
'approved', 
NOW(), 
NOW(), 
NOW()
),
    (150, 
'Техноскарб', 
NULL, 
'https://tehnoskarb.com.ua/', 
NULL, 
NULL, 
'Mo-Su 09:00-14:00,14:30-21:00', 
'approved', 
NOW(), 
NOW(), 
NOW()
),
    (151, 
'Делві', 
NULL, 
NULL, 
NULL, 
NULL, 
NULL, 
'approved', 
NOW(), 
NOW(), 
NOW()
),
    (152, 
'Sushi wok out', 
NULL, 
'https://swo.com.ua/', 
NULL, 
NULL, 
NULL, 
'approved', 
NOW(), 
NOW(), 
NOW()
),
    (153, 
'ГІК УКРМЕХАНОБР', 
NULL, 
NULL, 
NULL, 
NULL, 
NULL, 
'approved', 
NOW(), 
NOW(), 
NOW()
),
    (154, 
'Веселе кафе', 
NULL, 
NULL, 
NULL, 
NULL, 
'Mo-Su 11:00-23:00', 
'approved', 
NOW(), 
NOW(), 
NOW()
),
    (155, 
'Злагода', 
NULL, 
NULL, 
NULL, 
NULL, 
NULL, 
'approved', 
NOW(), 
NOW(), 
NOW()
),
    (156, 
'Comfy', 
NULL, 
NULL, 
NULL, 
NULL, 
NULL, 
'approved', 
NOW(), 
NOW(), 
NOW()
),
    (157, 
'Полуничка', 
NULL, 
NULL, 
NULL, 
NULL, 
NULL, 
'approved', 
NOW(), 
NOW(), 
NOW()
),
    (158, 
'Тріумф', 
NULL, 
NULL, 
NULL, 
NULL, 
NULL, 
'approved', 
NOW(), 
NOW(), 
NOW()
),
    (159, 
'Національний', 
NULL, 
NULL, 
NULL, 
NULL, 
NULL, 
'approved', 
NOW(), 
NOW(), 
NOW()
),
    (160, 
'Ярок', 
NULL, 
NULL, 
NULL, 
NULL, 
NULL, 
'approved', 
NOW(), 
NOW(), 
NOW()
),
    (161, 
'СТРУМ Фрунзе', 
NULL, 
NULL, 
NULL, 
NULL, 
NULL, 
'approved', 
NOW(), 
NOW(), 
NOW()
),
    (162, 
'АТБ №356', 
NULL, 
NULL, 
NULL, 
NULL, 
'24/7', 
'approved', 
NOW(), 
NOW(), 
NOW()
),
    (163, 
'АТБ №443', 
NULL, 
NULL, 
NULL, 
NULL, 
'24/7', 
'approved', 
NOW(), 
NOW(), 
NOW()
),
    (164, 
'Компанія НАВІ', 
NULL, 
'https://www.navi.biz.ua', 
NULL, 
'{"phone_numbers":["+380 67 522 6222"]}', 
'Mo-Fr 09:00-18:00', 
'approved', 
NOW(), 
NOW(), 
NOW()
),
    (165, 
'Пиво-Рыба', 
NULL, 
NULL, 
NULL, 
NULL, 
'Mo-Su 08:00-22:00', 
'approved', 
NOW(), 
NOW(), 
NOW()
),
    (166, 
'РАДАБАНК, Відділення №19', 
'Обслуговування юридичних і фізичних осіб; випуск та обслуговування платіжних карток; відкриття та обслуговування зарплатних проектів; депозити (гривня, валюта), РКО, валютні операції (купівля, продаж, обмін), переказ грошових коштів, прийом комунальних', 
'https://www.radabank.com.ua/ua/', 
NULL, 
'{"phone_numbers":["+380 564 23 3004","0 800 500 999"]}', 
'Відділення: Пн-Пт 09:00-18:00 Каса: Пн-Пт 09:00-17:45 Тех. перерва: 12:30-13:30', 
'approved', 
NOW(), 
NOW(), 
NOW()
),
    (167, 
'Амбулаторія №6 ЗПСМ', 
NULL, 
'https://krmisto.gov.ua/ua/hospitals/ambulatory/id/8.html', 
NULL, 
NULL, 
NULL, 
'approved', 
NOW(), 
NOW(), 
NOW()
),
    (168, 
'Криворізька міська стоматологічна поліклініка №5', 
NULL, 
'https://krmisto.gov.ua/ua/hospitals/30.html', 
NULL, 
NULL, 
NULL, 
'approved', 
NOW(), 
NOW(), 
NOW()
),
    (169, 
'Центр первинної медико-санітарної допомоги №4', 
NULL, 
'https://krmisto.gov.ua/ua/hospitals/54.html', 
NULL, 
NULL, 
NULL, 
'approved', 
NOW(), 
NOW(), 
NOW()
),
    (170, 
'Амбулаторія №1 ЗПСМ', 
NULL, 
'https://krmisto.gov.ua/ua/hospitals/ambulatory/id/9.html', 
NULL, 
NULL, 
NULL, 
'approved', 
NOW(), 
NOW(), 
NOW()
),
    (171, 
'Амбулаторія №2 ЗПСМ ЦПМСД №2', 
NULL, 
NULL, 
NULL, 
NULL, 
NULL, 
'approved', 
NOW(), 
NOW(), 
NOW()
),
    (172, 
'Центр первинної медико-санітарної допомоги №7', 
NULL, 
'https://krmisto.gov.ua/ua/hospitals/57.html', 
NULL, 
NULL, 
NULL, 
'approved', 
NOW(), 
NOW(), 
NOW()
),
    (173, 
'Центр вакцинації', 
NULL, 
NULL, 
NULL, 
NULL, 
NULL, 
'approved', 
NOW(), 
NOW(), 
NOW()
),
    (174, 
'Центр первинної медико-санітарної допомоги №3', 
'https://krmisto.gov.ua/ua/hospitals/53.html', 
'https://krcpmsd3.lic.org.ua/', 
NULL, 
NULL, 
NULL, 
'approved', 
NOW(), 
NOW(), 
NOW()
),
    (175, 
'Центр первинної медико-санітарної допомоги №1', 
NULL, 
'https://krmisto.gov.ua/ua/hospitals/51.html', 
NULL, 
NULL, 
NULL, 
'approved', 
NOW(), 
NOW(), 
NOW()
),
    (176, 
'Амбулаторія №1 КНП "ЦПМСД №1"', 
NULL, 
'https://krmisto.gov.ua/ua/hospitals/ambulatory/id/19.html', 
NULL, 
NULL, 
NULL, 
'approved', 
NOW(), 
NOW(), 
NOW()
),
    (177, 
'У Светы', 
NULL, 
NULL, 
NULL, 
NULL, 
'Mo-Su 08:00-20:00', 
'approved', 
NOW(), 
NOW(), 
NOW()
),
    (178, 
'Провайдер Altair', 
NULL, 
'https://altair.kr.ua', 
NULL, 
'{"phone_numbers":["+380 96 054 1555"]}', 
'Mo-Su 09:00-18:00', 
'approved', 
NOW(), 
NOW(), 
NOW()
),
    (179, 
'АНЦ', 
NULL, 
NULL, 
NULL, 
NULL, 
'Mo-Su 08:00-20:00', 
'approved', 
NOW(), 
NOW(), 
NOW()
),
    (180, 
'Аптека інтернет цін', 
NULL, 
NULL, 
NULL, 
NULL, 
NULL, 
'approved', 
NOW(), 
NOW(), 
NOW()
),
    (181, 
'The budka', 
NULL, 
NULL, 
NULL, 
NULL, 
NULL, 
'approved', 
NOW(), 
NOW(), 
NOW()
),
    (182, 
'Бажаємо здоровʼя', 
NULL, 
NULL, 
NULL, 
NULL, 
NULL, 
'approved', 
NOW(), 
NOW(), 
NOW()
),
    (183, 
'Unex Bank', 
NULL, 
NULL, 
NULL, 
NULL, 
'Mo-Fr 09:00-18:00', 
'approved', 
NOW(), 
NOW(), 
NOW()
),
    (184, 
'Гданцівська Кавʼярня', 
NULL, 
'https://instagram.com/gdancivska_kavyarnya', 
'{"instagram":"gdancivska_kavyarnya"}', 
'{"phone_numbers":["+380671790029"]}', 
'Mo-Su 08:00-21:00', 
'approved', 
NOW(), 
NOW(), 
NOW()
),
    (185, 
'Bitcoin ATM - Shitcoins.club', 
NULL, 
'https://shitcoins.club/', 
'{"facebook":"https://www.facebook.com/shitcoins.club","instagram":"https://www.instagram.com/shitcoinsclub","telegram":"https://t.me/shitcoinsclub"}', 
'{"phone_numbers":["+380 97 433 4473"],"email":"support@shitcoins.club"}', 
'Mo-Su 09:00-19:00', 
'approved', 
NOW(), 
NOW(), 
NOW()
),
    (186, 
'Чугай(Наш)', 
NULL, 
NULL, 
NULL, 
NULL, 
NULL, 
'approved', 
NOW(), 
NOW(), 
NOW()
),
    (187, 
'Аврора', 
NULL, 
'https://avrora.ua/', 
'{"facebook":"avrora.multimarket","instagram":"avrora.multimarket"}', 
'{"phone_numbers":["+380800300066"]}', 
'Mo-Su 08:00-21:00', 
'approved', 
NOW(), 
NOW(), 
NOW()
),
    (188, 
'КОРОНА', 
NULL, 
NULL, 
NULL, 
NULL, 
NULL, 
'approved', 
NOW(), 
NOW(), 
NOW()
),
    (189, 
'Ощад Аптека', 
NULL, 
NULL, 
NULL, 
NULL, 
'Mo-Su 08:00-20:00', 
'approved', 
NOW(), 
NOW(), 
NOW()
),
    (190, 
'Аптека Бам', 
NULL, 
NULL, 
NULL, 
NULL, 
'Mo-Su 08:00-20:00', 
'approved', 
NOW(), 
NOW(), 
NOW()
),
    (191, 
'Савойя [Karas''-party]', 
NULL, 
NULL, 
NULL, 
NULL, 
NULL, 
'approved', 
NOW(), 
NOW(), 
NOW()
),
    (192, 
'Маркетопт', 
NULL, 
NULL, 
NULL, 
NULL, 
'Mo-Su 08:00-21:00', 
'approved', 
NOW(), 
NOW(), 
NOW()
),
    (193, 
'Sinsay', 
NULL, 
NULL, 
NULL, 
NULL, 
'Mo-Su 10:00-20:00', 
'approved', 
NOW(), 
NOW(), 
NOW()
),
    (194, 
'Аврора', 
NULL, 
NULL, 
NULL, 
NULL, 
NULL, 
'approved', 
NOW(), 
NOW(), 
NOW()
),
    (195, 
'Аптека', 
NULL, 
NULL, 
NULL, 
NULL, 
'Mo-Su 08:00-20:00', 
'approved', 
NOW(), 
NOW(), 
NOW()
);

INSERT INTO locations (location_id, 
organization_id, 
street, 
city, 
region, 
post_code, 
latitude, 
longitude 
)
 values
    (1, 
1, 
'вулиця Володимира Зінченка 31', 
'Кривий Ріг', 
'Дніпропетровська', 
'50076', 
47.9307881, 
33.4225808 
),
    (2, 
2, 
'Німецька вулиця 5', 
'Кривий Ріг', 
'Дніпропетровська', 
NULL, 
47.9062664, 
33.3454639 
),
    (3, 
2, 
'вулиця Степана Бандери 21', 
'Кривий Ріг', 
'Дніпропетровська', 
NULL, 
47.9047051, 
33.4033828 
),
    (4, 
3, 
'вулиця Соборності 29б', 
'Кривий Ріг', 
'Дніпропетровська', 
'50006', 
47.8997265, 
33.394818 
),
    (5, 
4, 
'Соборна вулиця 33б', 
'Кривий Ріг', 
'Дніпропетровська', 
NULL, 
47.9001432, 
33.3983547 
),
    (6, 
5, 
'вулиця Степана Тільги 4', 
'Кривий Ріг', 
'Дніпропетровська', 
NULL, 
47.8966168, 
33.3962271 
),
    (7, 
6, 
'проспект Металургів 22А', 
'Кривий Ріг', 
'Дніпропетровська', 
NULL, 
47.897667, 
33.3949218 
),
    (8, 
7, 
'проспект Металургів 12', 
'Кривий Ріг', 
'Дніпропетровська', 
'50006', 
47.8947151, 
33.3956843 
),
    (9, 
8, 
'Мистецька вулиця 2', 
'Кривий Ріг', 
'Дніпропетровська', 
NULL, 
47.900533, 
33.3994431 
),
    (10, 
9, 
'вулиця Соборності 37', 
'Кривий Ріг', 
'Дніпропетровська', 
NULL, 
47.9008404, 
33.4014275 
),
    (11, 
10, 
'проспект Металургів 36', 
'Кривий Ріг', 
'Дніпропетровська', 
'50000-50479', 
47.9022389, 
33.3941006 
),
    (12, 
11, 
'проспект Металургів 2а', 
'Кривий Ріг', 
'Дніпропетровська', 
'50000-50479', 
47.9032313, 
33.3951431 
),
    (13, 
12, 
'Мистецька вулиця 3', 
'Кривий Ріг', 
'Дніпропетровська', 
NULL, 
47.9010742, 
33.3983363 
),
    (14, 
13, 
'вулиця Соборності 34', 
'Кривий Ріг', 
'Дніпропетровська', 
'50006', 
47.9004417, 
33.4060695 
),
    (15, 
14, 
'вулиця Віталія Матусевича 20а', 
'Кривий Ріг', 
'Дніпропетровська', 
NULL, 
47.9033415, 
33.4067055 
),
    (16, 
15, 
'вулиця Соборності 49', 
'Кривий Ріг', 
'Дніпропетровська', 
'50006', 
47.9013014, 
33.407078 
),
    (17, 
16, 
'вулиця Віталія Матусевича 39', 
'Кривий Ріг', 
'Дніпропетровська', 
NULL, 
47.9044191, 
33.4089541 
),
    (18, 
17, 
'вулиця Дениса Комара 9', 
'Кривий Ріг', 
'Дніпропетровська', 
NULL, 
47.8947657, 
33.4095349 
),
    (19, 
15, 
'вулиця Соборності 98', 
'Кривий Ріг', 
'Дніпропетровська', 
'50006', 
47.8990314, 
33.4244475 
),
    (20, 
18, 
'Університетський проспект 2', 
'Кривий Ріг', 
'Дніпропетровська', 
NULL, 
47.9099552, 
33.392569 
),
    (21, 
19, 
'проспект Металургів 42', 
'Кривий Ріг', 
'Дніпропетровська', 
'50000-50479', 
47.9093418, 
33.3927965 
),
    (22, 
20, 
'проспект Металургів 40', 
'Кривий Ріг', 
'Дніпропетровська', 
'50000-50479', 
47.9089653, 
33.3930877 
),
    (23, 
21, 
'Університетський проспект 4-А', 
'Кривий Ріг', 
'Дніпропетровська', 
NULL, 
47.9096771, 
33.3927578 
),
    (24, 
22, 
'Університетський проспект 4', 
'Кривий Ріг', 
'Дніпропетровська', 
NULL, 
47.9097376, 
33.3933847 
),
    (25, 
23, 
'Університетський проспект 58', 
'Кривий Ріг', 
'Дніпропетровська', 
NULL, 
47.9079277, 
33.4159727 
),
    (26, 
15, 
'вулиця Петра Дорошенка 2', 
'Кривий Ріг', 
'Дніпропетровська', 
NULL, 
47.9072699, 
33.4206125 
),
    (27, 
24, 
'площа 95-й Квартал 10', 
'Кривий Ріг', 
'Дніпропетровська', 
NULL, 
47.9114619, 
33.3919568 
),
    (28, 
25, 
'Кокчетавська вулиця 1', 
'Кривий Ріг', 
'Дніпропетровська', 
NULL, 
47.9030006, 
33.457774 
),
    (29, 
26, 
'Магістральна вулиця 17а', 
'Кривий Ріг', 
'Дніпропетровська', 
NULL, 
47.9034644, 
33.4603658 
),
    (30, 
27, 
'Колійна вулиця 24', 
'Кривий Ріг', 
'Дніпропетровська', 
NULL, 
47.9178625, 
33.4667409 
),
    (31, 
28, 
'Магістральна вулиця 8', 
'Кривий Ріг', 
'Дніпропетровська', 
'50055', 
47.9047464, 
33.4579111 
),
    (32, 
15, 
'вулиця Гетьмана Івана Мазепи 76', 
'Кривий Ріг', 
'Дніпропетровська', 
NULL, 
47.9114718, 
33.4550141 
),
    (33, 
29, 
'Нікопольське шосе 4г', 
'Кривий Ріг', 
'Дніпропетровська', 
NULL, 
47.8876539, 
33.3906145 
),
    (34, 
30, 
'Центральний проспект 33', 
'Кривий Ріг', 
'Дніпропетровська', 
NULL, 
47.9043731, 
33.3550394 
),
    (35, 
31, 
'площа Визволення 2', 
'Кривий Ріг', 
'Дніпропетровська', 
NULL, 
47.908194, 
33.3406497 
),
    (36, 
32, 
'проспект Героїв-Підпільників 1А', 
'Кривий Ріг', 
'Дніпропетровська', 
NULL, 
47.9053666, 
33.375654 
),
    (37, 
33, 
'вулиця Чкалова 44а', 
'Кривий Ріг', 
'Дніпропетровська', 
'50002', 
47.9030968, 
33.3539995 
),
    (38, 
34, 
'площа Шахтарської Слави 3а', 
'Кривий Ріг', 
'Дніпропетровська', 
NULL, 
47.9090802, 
33.3826153 
),
    (39, 
35, 
'вулиця Героїв АТО 78а', 
'Кривий Ріг', 
'Дніпропетровська', 
NULL, 
47.9043089, 
33.4225075 
),
    (40, 
36, 
'площа Визволення 11', 
'Кривий Ріг', 
'Дніпропетровська', 
NULL, 
47.9071984, 
33.339151 
),
    (41, 
37, 
'проспект Миру 29в', 
'Кривий Ріг', 
'Дніпропетровська', 
NULL, 
47.9082738, 
33.3853187 
),
    (42, 
38, 
'вулиця Гірничих Інженерів 13-О', 
'Кривий Ріг', 
'Дніпропетровська', 
'50002', 
47.9085214, 
33.349745 
),
    (43, 
39, 
'Гетьманська вулиця 80', 
'Кривий Ріг', 
'Дніпропетровська', 
'50007', 
47.9071561, 
33.3758344 
),
    (44, 
40, 
'площа Визволення 11а', 
'Кривий Ріг', 
'Дніпропетровська', 
NULL, 
47.9071986, 
33.3401936 
),
    (45, 
41, 
'вулиця Рахманінова 7а', 
'Кривий Ріг', 
'Дніпропетровська', 
NULL, 
47.8910159, 
33.3143954 
),
    (46, 
42, 
'вулиця Миколаївське Шосе 21', 
'Кривий Ріг', 
'Дніпропетровська', 
NULL, 
47.8853902, 
33.286787 
),
    (47, 
43, 
'Каховська вулиця 31', 
'Кривий Ріг', 
'Дніпропетровська', 
NULL, 
47.8831177, 
33.3638437 
),
    (48, 
44, 
'вулиця Криворіжсталі 5а', 
'Кривий Ріг', 
'Дніпропетровська', 
NULL, 
47.8829254, 
33.3877289 
),
    (49, 
45, 
'Тбіліська вулиця 2', 
'Кривий Ріг', 
'Дніпропетровська', 
NULL, 
47.8808537, 
33.3692411 
),
    (50, 
46, 
'вулиця Всебратське-2 65в', 
'Кривий Ріг', 
'Дніпропетровська', 
NULL, 
47.8805047, 
33.2563583 
),
    (51, 
47, 
'вулиця Подлєпи 35', 
'Кривий Ріг', 
'Дніпропетровська', 
NULL, 
47.8427224, 
33.3475457 
),
    (52, 
32, 
'Вечірньокутська вулиця 64', 
'Кривий Ріг', 
'Дніпропетровська', 
NULL, 
47.9243917, 
33.4477245 
),
    (53, 
48, 
'вулиця Дніпровське Шосе 34', 
'Кривий Ріг', 
'Дніпропетровська', 
NULL, 
47.9207104, 
33.4399511 
),
    (54, 
49, 
'вулиця Кармелюка 4', 
'Кривий Ріг', 
'Дніпропетровська', 
NULL, 
47.8338192, 
33.3457869 
),
    (55, 
15, 
'Південний проспект 34', 
'Кривий Ріг', 
'Дніпропетровська', 
NULL, 
47.8410219, 
33.3480332 
),
    (56, 
50, 
'Південний проспект 1', 
'Кривий Ріг', 
'Дніпропетровська', 
NULL, 
47.8327944, 
33.343456 
),
    (57, 
51, 
'площа Визволення 5', 
'Кривий Ріг', 
'Дніпропетровська', 
'50099', 
47.9089137, 
33.3400347 
),
    (58, 
52, 
'Поштовий проспект 5', 
'Кривий Ріг', 
'Дніпропетровська', 
'50000', 
47.9023282, 
33.340776 
),
    (59, 
53, 
'Німецька вулиця 1а', 
'Кривий Ріг', 
'Дніпропетровська', 
NULL, 
47.9036569, 
33.3443342 
),
    (60, 
54, 
'Каунаська вулиця 2б', 
'Кривий Ріг', 
'Дніпропетровська', 
'50000', 
47.9006405, 
33.3445668 
),
    (61, 
15, 
'Поштовий проспект 39а', 
'Кривий Ріг', 
'Дніпропетровська', 
'50000', 
47.907264, 
33.3434298 
),
    (62, 
55, 
'майдан Олександра Химиченка 1', 
'Кривий Ріг', 
'Дніпропетровська', 
NULL, 
47.9468759, 
33.4408888 
),
    (63, 
56, 
'вулиця Соборності 29п', 
'Кривий Ріг', 
'Дніпропетровська', 
NULL, 
47.8999566, 
33.3958546 
),
    (64, 
57, 
'Південний проспект 44а', 
'Кривий Ріг', 
'Дніпропетровська', 
NULL, 
47.8806768, 
33.3601636 
),
    (65, 
58, 
'Поштовий проспект 35б', 
'Кривий Ріг', 
'Дніпропетровська', 
'50000', 
47.9061131, 
33.3426971 
),
    (66, 
59, 
'Кривбасівська вулиця 93', 
'Кривий Ріг', 
'Дніпропетровська', 
'50024', 
47.9160351, 
33.3336917 
),
    (67, 
60, 
'проспект Миру 17а', 
'Кривий Ріг', 
'Дніпропетровська', 
'50069', 
47.905933, 
33.3816321 
),
    (68, 
61, 
'проспект Металургів 28а', 
'Кривий Ріг', 
'Дніпропетровська', 
NULL, 
47.9007931, 
33.3940566 
),
    (69, 
62, 
'проспект Перемоги 11', 
'Кривий Ріг', 
'Дніпропетровська', 
NULL, 
47.6841204, 
33.1667897 
),
    (70, 
63, 
'проспект Перемоги 11а', 
'Кривий Ріг', 
'Дніпропетровська', 
NULL, 
47.6839623, 
33.1663102 
),
    (71, 
64, 
'Соборна вулиця 4', 
'Кривий Ріг', 
'Дніпропетровська', 
NULL, 
47.9455257, 
33.4382176 
),
    (72, 
65, 
'вулиця Юрія Камінського 21а', 
'Кривий Ріг', 
'Дніпропетровська', 
'50000-50479', 
47.9018387, 
33.3928501 
),
    (73, 
66, 
'вулиця Героїв АТО 30-А', 
'Кривий Ріг', 
'Дніпропетровська', 
'50000-50479', 
47.9066619, 
33.3971027 
),
    (74, 
67, 
'Європейський бульвар 14', 
'Кривий Ріг', 
'Дніпропетровська', 
NULL, 
47.9359967, 
33.4400655 
),
    (75, 
68, 
'вулиця Павла Глазового 26а', 
'Кривий Ріг', 
'Дніпропетровська', 
'50076', 
47.9350924, 
33.4244434 
),
    (76, 
69, 
'вулиця Генерала Радієвського 1а', 
'Кривий Ріг', 
'Дніпропетровська', 
NULL, 
47.9449838, 
33.4262561 
),
    (77, 
70, 
'Спасівська вулиця 17а', 
'Кривий Ріг', 
'Дніпропетровська', 
NULL, 
47.9608975, 
33.4261317 
),
    (78, 
71, 
'проспект 200-річчя Кривого Рогу 4а', 
'Кривий Ріг', 
'Дніпропетровська', 
NULL, 
47.9602691, 
33.4367189 
),
    (79, 
72, 
'проспект 200-річчя Кривого Рогу 24', 
'Кривий Ріг', 
'Дніпропетровська', 
NULL, 
47.9632838, 
33.4346936 
),
    (80, 
73, 
'Виноградна вулиця 1', 
'Кривий Ріг', 
'Дніпропетровська', 
NULL, 
47.9586937, 
33.4301336 
),
    (81, 
15, 
'вулиця Віктора Оцерклевича 1г', 
'Кривий Ріг', 
'Дніпропетровська', 
NULL, 
47.9631565, 
33.4280624 
),
    (82, 
15, 
'бульвар Миколи Вороного 22', 
'Кривий Ріг', 
'Дніпропетровська', 
NULL, 
47.9678004, 
33.4473229 
),
    (83, 
74, 
'вулиця Володимира Великого 27а', 
'Кривий Ріг', 
'Дніпропетровська', 
'50071', 
47.9433539, 
33.4189841 
),
    (84, 
75, 
'Вечірній бульвар 31а', 
'Кривий Ріг', 
'Дніпропетровська', 
NULL, 
47.9358071, 
33.4337808 
),
    (85, 
15, 
'вулиця Лісового 24а', 
'Кривий Ріг', 
'Дніпропетровська', 
NULL, 
47.9492089, 
33.4532138 
),
    (86, 
76, 
'Свято-Миколаївська вулиця 28а', 
'Кривий Ріг', 
'Дніпропетровська', 
'50000', 
47.9020449, 
33.3361006 
),
    (87, 
77, 
'Женевська вулиця 6б', 
'Кривий Ріг', 
'Дніпропетровська', 
'50031', 
47.9832198, 
33.4417983 
),
    (88, 
78, 
'Шурупова вулиця 2б', 
'Кривий Ріг', 
'Дніпропетровська', 
NULL, 
47.999043, 
33.4500089 
),
    (89, 
79, 
'Ботанічна вулиця 23', 
'Кривий Ріг', 
'Дніпропетровська', 
'50079', 
48.1479907, 
33.5865327 
),
    (90, 
80, 
'вулиця Володимира Терещенка 1е', 
'Кривий Ріг', 
'Дніпропетровська', 
NULL, 
48.1455258, 
33.5617963 
),
    (91, 
15, 
'вулиця Антона Ігнатченка 1', 
'Кривий Ріг', 
'Дніпропетровська', 
'50079', 
48.1434568, 
33.5651624 
),
    (92, 
81, 
'вулиця Володимира Терещенка 5а', 
'Кривий Ріг', 
'Дніпропетровська', 
'50079', 
48.1454172, 
33.5633014 
),
    (93, 
82, 
'Університетський проспект 44', 
'Кривий Ріг', 
'Дніпропетровська', 
NULL, 
47.9079754, 
33.4053758 
),
    (94, 
32, 
'вулиця Петра Калнишевського 15А', 
'Кривий Ріг', 
'Дніпропетровська', 
'50024', 
47.9133658, 
33.3367855 
),
    (95, 
83, 
'вулиця Олександра Поля 30', 
'Кривий Ріг', 
'Дніпропетровська', 
NULL, 
47.9020411, 
33.3502685 
),
    (96, 
84, 
'Переяславська вулиця 3а', 
'Кривий Ріг', 
'Дніпропетровська', 
NULL, 
47.8334522, 
33.3456768 
),
    (97, 
85, 
'Електрозаводська вулиця 53а', 
'Кривий Ріг', 
'Дніпропетровська', 
NULL, 
47.9951335, 
33.4902794 
),
    (98, 
15, 
'вулиця Федора Караманиць 66А', 
'Кривий Ріг', 
'Дніпропетровська', 
'50059', 
48.0103235, 
33.4806742 
),
    (99, 
86, 
'вулиця Кропивницького 21Б', 
'Кривий Ріг', 
'Дніпропетровська', 
NULL, 
48.0220233, 
33.4685241 
),
    (100, 
87, 
'вулиця Федора Караманиць 39', 
'Кривий Ріг', 
'Дніпропетровська', 
'50059', 
48.0213867, 
33.4734103 
),
    (101, 
88, 
'вулиця Федора Караманиць 50', 
'Кривий Ріг', 
'Дніпропетровська', 
'50059', 
48.0137658, 
33.4766406 
),
    (102, 
15, 
'Електрична вулиця 3б', 
'Кривий Ріг', 
'Дніпропетровська', 
NULL, 
48.0026744, 
33.4449309 
),
    (103, 
89, 
'вулиця Лисяка 6а', 
'Кривий Ріг', 
'Дніпропетровська', 
NULL, 
48.0313137, 
33.4786551 
),
    (104, 
32, 
'вулиця Романа Шухевича 17', 
'Кривий Ріг', 
'Дніпропетровська', 
NULL, 
48.033429, 
33.4766573 
),
    (105, 
90, 
'вулиця Романа Шухевича 16', 
'Кривий Ріг', 
'Дніпропетровська', 
NULL, 
48.034305, 
33.4792488 
),
    (106, 
91, 
'вулиця Дмитра Войчишена 14а', 
'Кривий Ріг', 
'Дніпропетровська', 
NULL, 
48.0422189, 
33.4837621 
),
    (107, 
92, 
'вулиця Сергія Колачевського 32В', 
'Кривий Ріг', 
'Дніпропетровська', 
NULL, 
48.0507805, 
33.4854324 
),
    (108, 
93, 
'вулиця Павла Глазового 28а', 
'Кривий Ріг', 
'Дніпропетровська', 
'50076', 
47.9355785, 
33.4224928 
),
    (109, 
32, 
'Магістральна вулиця 23', 
'Кривий Ріг', 
'Дніпропетровська', 
NULL, 
47.9015179, 
33.4598475 
),
    (110, 
94, 
'вулиця Едуарда Фукса 48а', 
'Кривий Ріг', 
'Дніпропетровська', 
'50042', 
47.9720416, 
33.4356923 
),
    (111, 
95, 
'вулиця Сергія Колачевського 93а', 
'Кривий Ріг', 
'Дніпропетровська', 
NULL, 
48.0710258, 
33.5067648 
),
    (112, 
96, 
'Чарівна вулиця 1б', 
'Кривий Ріг', 
'Дніпропетровська', 
NULL, 
48.0744185, 
33.5152114 
),
    (113, 
85, 
'вулиця Сергія Колачевського 81/1', 
'Кривий Ріг', 
'Дніпропетровська', 
NULL, 
48.0678618, 
33.5002041 
),
    (114, 
97, 
'Прорізна вулиця 60', 
'Кривий Ріг', 
'Дніпропетровська', 
'50019', 
47.9077286, 
33.3134542 
),
    (115, 
66, 
'площа Визволення 1-К', 
'Кривий Ріг', 
'Дніпропетровська', 
NULL, 
47.9085421, 
33.3417075 
),
    (116, 
98, 
'вулиця Савицького 17', 
'Кривий Ріг', 
'Дніпропетровська', 
NULL, 
47.8369867, 
33.3496691 
),
    (117, 
99, 
'вулиця Кропивницького 53Б', 
'Кривий Ріг', 
'Дніпропетровська', 
NULL, 
48.0117126, 
33.4751749 
),
    (118, 
100, 
'Ботанічна вулиця 14а', 
'Кривий Ріг', 
'Дніпропетровська', 
'50079', 
48.1449454, 
33.583955 
),
    (119, 
15, 
'вулиця Криворіжсталі 9в', 
'Кривий Ріг', 
'Дніпропетровська', 
NULL, 
47.8819283, 
33.3832897 
),
    (120, 
101, 
'Електрозаводська вулиця 28б', 
'Кривий Ріг', 
'Дніпропетровська', 
NULL, 
47.9946084, 
33.4885306 
),
    (121, 
32, 
'Сонячний мікрорайон 41А', 
'Кривий Ріг', 
'Дніпропетровська', 
'50056', 
47.9558287, 
33.4479446 
),
    (122, 
102, 
'вулиця Сергія Колачевського 32Б', 
'Кривий Ріг', 
'Дніпропетровська', 
'50037', 
48.0509253, 
33.4855414 
),
    (123, 
103, 
'вулиця Бірюзова 12а', 
'Кривий Ріг', 
'Дніпропетровська', 
NULL, 
48.1472385, 
33.5476927 
),
    (124, 
104, 
'вулиця Сергія Колачевського 55', 
'Кривий Ріг', 
'Дніпропетровська', 
'50082', 
48.07091, 
33.5148844 
),
    (125, 
105, 
'вулиця Володимира Великого 25', 
'Кривий Ріг', 
'Дніпропетровська', 
'50071', 
47.9415824, 
33.4142686 
),
    (126, 
106, 
'вулиця Каткова 2', 
'Кривий Ріг', 
'Дніпропетровська', 
'50102', 
47.6881738, 
33.1507245 
),
    (127, 
107, 
'вулиця Вадима Гурова 17', 
'Кривий Ріг', 
'Дніпропетровська', 
NULL, 
47.8954454, 
33.4038069 
),
    (128, 
108, 
'Вечірній бульвар 20', 
'Кривий Ріг', 
'Дніпропетровська', 
NULL, 
47.9405412, 
33.435172 
),
    (129, 
109, 
'Чарівна вулиця 1г', 
'Кривий Ріг', 
'Дніпропетровська', 
NULL, 
48.0740459, 
33.5144222 
),
    (130, 
110, 
'вулиця Федора Караманиць 53б', 
'Кривий Ріг', 
'Дніпропетровська', 
NULL, 
48.0099739, 
33.4832459 
),
    (131, 
111, 
'вулиця Булди 4а', 
'Кривий Ріг', 
'Дніпропетровська', 
NULL, 
47.9991148, 
33.4552925 
),
    (132, 
112, 
'вулиця Олексія Різниченка 5а', 
'Кривий Ріг', 
'Дніпропетровська', 
NULL, 
47.9707996, 
33.4426421 
),
    (133, 
113, 
'вулиця Криворіжсталі 1к', 
'Кривий Ріг', 
'Дніпропетровська', 
NULL, 
47.876532, 
33.3575247 
),
    (134, 
114, 
'вулиця Курчатова 1', 
'Кривий Ріг', 
'Дніпропетровська', 
'50084', 
47.9630788, 
33.4265433 
),
    (135, 
115, 
'вулиця Криворіжсталі 50', 
'Кривий Ріг', 
'Дніпропетровська', 
NULL, 
47.8799775, 
33.3713703 
),
    (136, 
116, 
'проспект Металургів 15', 
'Кривий Ріг', 
'Дніпропетровська', 
NULL, 
47.9006553, 
33.3931467 
),
    (137, 
116, 
'проспект Металургів 24', 
'Кривий Ріг', 
'Дніпропетровська', 
NULL, 
47.8992327, 
33.3951787 
),
    (138, 
117, 
'Армавірська вулиця 13', 
'Кривий Ріг', 
'Дніпропетровська', 
NULL, 
48.0341677, 
33.483118 
),
    (139, 
118, 
'вулиця Едуарда Фукса 40', 
'Кривий Ріг', 
'Дніпропетровська', 
'50042', 
47.9745483, 
33.4359328 
),
    (140, 
119, 
'вулиця Павла Глазового 4', 
'Кривий Ріг', 
'Дніпропетровська', 
'50076', 
47.9353857, 
33.418752 
),
    (141, 
116, 
'вулиця Федора Караманиць 28', 
'Кривий Ріг', 
'Дніпропетровська', 
NULL, 
48.0217651, 
33.4716738 
),
    (142, 
120, 
'Січеславська вулиця 2', 
'Кривий Ріг', 
'Дніпропетровська', 
'50031', 
47.9856948, 
33.4387185 
),
    (143, 
121, 
'вулиця Водопʼянова 29а', 
'Кривий Ріг', 
'Дніпропетровська', 
NULL, 
47.9337085, 
33.4384159 
),
    (144, 
2, 
'вулиця Романа Шухевича 7', 
'Кривий Ріг', 
'Дніпропетровська', 
NULL, 
48.0305638, 
33.4751162 
),
    (145, 
15, 
'вулиця Романа Шухевича 19а', 
'Кривий Ріг', 
'Дніпропетровська', 
NULL, 
48.0369735, 
33.4796422 
),
    (146, 
66, 
'майдан Олександра Химиченка 1', 
'Кривий Ріг', 
'Дніпропетровська', 
'50008', 
47.9472025, 
33.4401701 
),
    (147, 
122, 
'вулиця Мартіна Шимановського 5', 
'Кривий Ріг', 
'Дніпропетровська', 
'50004', 
47.8953161, 
33.337562 
),
    (148, 
123, 
'площа Визволення 1к', 
'Кривий Ріг', 
'Дніпропетровська', 
NULL, 
47.9086294, 
33.3416549 
),
    (149, 
124, 
'проспект Перемоги 34а', 
'Кривий Ріг', 
'Дніпропетровська', 
'50102', 
47.6834905, 
33.1575455 
),
    (150, 
125, 
'Свято-Миколаївська вулиця 41', 
'Кривий Ріг', 
'Дніпропетровська', 
'50000', 
47.9018188, 
33.3395335 
),
    (151, 
32, 
'Свято-Миколаївська вулиця 10-А', 
'Кривий Ріг', 
'Дніпропетровська', 
NULL, 
47.9061483, 
33.3309961 
),
    (152, 
126, 
'вулиця Калнишевського 11', 
'Кривий Ріг', 
'Дніпропетровська', 
NULL, 
47.9119446, 
33.339421 
),
    (153, 
127, 
'вулиця Чкалова 44/6', 
'Кривий Ріг', 
'Дніпропетровська', 
NULL, 
47.9023097, 
33.3514315 
),
    (154, 
128, 
'Поштовий проспект 18', 
'Кривий Ріг', 
'Дніпропетровська', 
NULL, 
47.9037148, 
33.3421825 
),
    (155, 
2, 
'Січеславська вулиця 7', 
'Кривий Ріг', 
'Дніпропетровська', 
'50014', 
47.9875439, 
33.43776 
),
    (156, 
129, 
'проспект Миру 7', 
'Кривий Ріг', 
'Дніпропетровська', 
NULL, 
47.9050667, 
33.3721746 
),
    (157, 
130, 
'Прорізна вулиця 89', 
'Кривий Ріг', 
'Дніпропетровська', 
NULL, 
47.9072973, 
33.2974929 
),
    (158, 
116, 
'вулиця Лісового 14-А', 
'Кривий Ріг', 
'Дніпропетровська', 
NULL, 
47.9490311, 
33.4528756 
),
    (159, 
131, 
'Ярославська вулиця 8', 
'Кривий Ріг', 
'Дніпропетровська', 
NULL, 
47.843523, 
33.3563463 
),
    (160, 
132, 
'вулиця Соборності 39', 
'Кривий Ріг', 
'Дніпропетровська', 
NULL, 
47.9005422, 
33.4027296 
),
    (161, 
133, 
'Університетський проспект 3', 
'Кривий Ріг', 
'Дніпропетровська', 
NULL, 
47.910517, 
33.3935393 
),
    (162, 
134, 
'вулиця Упіта 54', 
'Кривий Ріг', 
'Дніпропетровська', 
'50069', 
47.9364645, 
33.3951768 
),
    (163, 
135, 
'вулиця Петра Дорошенка 5а', 
'Кривий Ріг', 
'Дніпропетровська', 
NULL, 
47.9016838, 
33.4199786 
),
    (164, 
136, 
'вулиця Гетьмана Івана Мазепи 153', 
'Кривий Ріг', 
'Дніпропетровська', 
NULL, 
47.9226811, 
33.4700042 
),
    (165, 
32, 
'вулиця Всебратське-2 58-А', 
'Кривий Ріг', 
'Дніпропетровська', 
'50046', 
47.8796065, 
33.2549447 
),
    (166, 
137, 
'Спасівська вулиця 17а', 
'Кривий Ріг', 
'Дніпропетровська', 
'50021', 
47.9608413, 
33.4271538 
),
    (167, 
138, 
'вулиця Олександра Поля 11', 
'Кривий Ріг', 
'Дніпропетровська', 
NULL, 
47.902739, 
33.3412541 
),
    (168, 
139, 
'Рахманівська вулиця 6а', 
'Кривий Ріг', 
'Дніпропетровська', 
NULL, 
47.7999689, 
33.2438152 
),
    (169, 
140, 
'вулиця Бориса Глінки 7а', 
'Кривий Ріг', 
'Дніпропетровська', 
NULL, 
47.8050365, 
33.2416601 
),
    (170, 
141, 
'вулиця Яцьківа 32', 
'Кривий Ріг', 
'Дніпропетровська', 
NULL, 
47.8236615, 
33.265863 
),
    (171, 
142, 
'Коломийцевська вулиця 19/1', 
'Кривий Ріг', 
'Дніпропетровська', 
NULL, 
47.9777945, 
33.5122147 
),
    (172, 
32, 
'Чарівна вулиця 1-Б', 
'Кривий Ріг', 
'Дніпропетровська', 
NULL, 
48.0746811, 
33.5151646 
),
    (173, 
143, 
'вулиця Віталія Матусевича 17а', 
'Кривий Ріг', 
'Дніпропетровська', 
NULL, 
47.9046336, 
33.403622 
),
    (174, 
144, 
'Чарівна вулиця 1Б', 
'Кривий Ріг', 
'Дніпропетровська', 
'50000', 
48.0746354, 
33.5150632 
),
    (175, 
145, 
'вулиця Петра Веропотвеляна 42б', 
'Кривий Ріг', 
'Дніпропетровська', 
NULL, 
47.9035152, 
33.3505836 
),
    (176, 
32, 
'вулиця Генерала Безручка 43', 
'Кривий Ріг', 
'Дніпропетровська', 
NULL, 
47.6809378, 
33.1575751 
),
    (177, 
146, 
'вулиця Глінки 40а', 
'Кривий Ріг', 
'Дніпропетровська', 
'50000', 
47.9000117, 
33.3492829 
),
    (178, 
32, 
'5-й Зарічний мікрорайон 11-А', 
'Кривий Ріг', 
'Дніпропетровська', 
NULL, 
48.0014629, 
33.4824872 
),
    (179, 
147, 
'вулиця Івана Авраменка 21а', 
'Кривий Ріг', 
'Дніпропетровська', 
NULL, 
47.9373433, 
33.4276425 
),
    (180, 
148, 
'Бульварний провулок 16', 
'Кривий Ріг', 
'Дніпропетровська', 
'50071', 
47.9376039, 
33.419779 
),
    (181, 
149, 
'5-Заречный 7', 
'Кривий Ріг', 
'Дніпропетровська', 
NULL, 
47.9992686, 
33.4817251 
),
    (182, 
150, 
'проспект 200-річчя Кривого Рогу 12а', 
'Кривий Ріг', 
'Дніпропетровська', 
NULL, 
47.9655117, 
33.4352539 
),
    (183, 
151, 
'вулиця Джона Маккейна 13', 
'Кривий Ріг', 
'Дніпропетровська', 
NULL, 
48.0344034, 
33.4832921 
),
    (184, 
152, 
'Комерційна вулиця 1', 
'Кривий Ріг', 
'Дніпропетровська', 
'50000', 
47.901597, 
33.3426848 
),
    (185, 
153, 
'вулиця Деміденка 2', 
'Кривий Ріг', 
'Дніпропетровська', 
NULL, 
47.9083784, 
33.3755341 
),
    (186, 
154, 
'вулиця Військового Тилу 7', 
'Кривий Ріг', 
'Дніпропетровська', 
NULL, 
48.0168562, 
33.468565 
),
    (187, 
32, 
'проспект 200-річчя Кривого Рогу 24', 
'Кривий Ріг', 
'Дніпропетровська', 
NULL, 
47.9632755, 
33.4349264 
),
    (188, 
155, 
'вулиця Електроніки 1в', 
'Кривий Ріг', 
'Дніпропетровська', 
NULL, 
47.9139157, 
33.355597 
),
    (189, 
32, 
'вулиця Незалежності України 16-Б', 
'Кривий Ріг', 
'Дніпропетровська', 
NULL, 
47.9483088, 
33.4560353 
),
    (190, 
156, 
'Центральний проспект 37', 
'Кривий Ріг', 
'Дніпропетровська', 
NULL, 
47.9042208, 
33.3581936 
),
    (191, 
32, 
'вулиця Миколи Світальського 15', 
'Кривий Ріг', 
'Дніпропетровська', 
NULL, 
47.9721202, 
33.4441048 
),
    (192, 
32, 
'Південний проспект 35', 
'Кривий Ріг', 
'Дніпропетровська', 
NULL, 
47.8412462, 
33.3468747 
),
    (193, 
157, 
'Січеславська вулиця 41', 
'Кривий Ріг', 
'Дніпропетровська', 
NULL, 
47.9971865, 
33.4440066 
),
    (194, 
158, 
'Січеславська вулиця 13', 
'Кривий Ріг', 
'Дніпропетровська', 
NULL, 
47.9957896, 
33.4397054 
),
    (195, 
159, 
'вулиця Едуарда Фукса 36', 
'Кривий Ріг', 
'Дніпропетровська', 
NULL, 
47.9753309, 
33.4359771 
),
    (196, 
160, 
'Дніпровське шосе 8', 
'Кривий Ріг', 
'Дніпропетровська', 
NULL, 
47.9091041, 
33.4233986 
),
    (197, 
161, 
'Електрична вулиця 1а', 
'Кривий Ріг', 
'Дніпропетровська', 
NULL, 
48.0047047, 
33.4474406 
),
    (198, 
162, 
'проспект 200-річчя Кривого Рогу 7Д', 
'Кривий Ріг', 
'Дніпропетровська', 
'50084', 
47.9644842, 
33.4366 
),
    (199, 
163, 
'вулиця Едуарда Фукса 1А', 
'Кривий Ріг', 
'Дніпропетровська', 
'50031', 
47.9853183, 
33.4389304 
),
    (200, 
126, 
'вулиця Мусоргського 26', 
'Кривий Ріг', 
'Дніпропетровська', 
NULL, 
48.0374255, 
33.4810716 
),
    (201, 
164, 
'вулиця Володимира Великого 3', 
'Кривий Ріг', 
'Дніпропетровська', 
'50071', 
47.9360513, 
33.4012824 
),
    (202, 
165, 
'вулиця Водопʼянова 1', 
'Кривий Ріг', 
'Дніпропетровська', 
'50038', 
47.9398689, 
33.4408185 
),
    (203, 
166, 
'вулиця Володимира Великого 22', 
'Кривий Ріг', 
'Дніпропетровська', 
NULL, 
47.9393069, 
33.4112943 
),
    (204, 
32, 
'Поштовий проспект 25', 
'Кривий Ріг', 
'Дніпропетровська', 
NULL, 
47.9055316, 
33.3424035 
),
    (205, 
167, 
'Алмазна вулиця 10А', 
'Кривий Ріг', 
'Дніпропетровська', 
NULL, 
47.9021081, 
33.2957092 
),
    (206, 
168, 
'вулиця Володимира Великого 21а', 
'Кривий Ріг', 
'Дніпропетровська', 
'50071', 
47.9404648, 
33.411712 
),
    (207, 
169, 
'вулиця Володимира Великого 21', 
'Кривий Ріг', 
'Дніпропетровська', 
'50071', 
47.9424509, 
33.4109733 
),
    (208, 
170, 
'вулиця Володимира Великого 21', 
'Кривий Ріг', 
'Дніпропетровська', 
'50071', 
47.942357, 
33.4107024 
),
    (209, 
170, 
'Святогеоргіївська вулиця 8а', 
'Кривий Ріг', 
'Дніпропетровська', 
'50007', 
47.9041631, 
33.383169 
),
    (210, 
171, 
'вулиця Сергія Колачевського 55', 
'Кривий Ріг', 
'Дніпропетровська', 
'50082', 
48.0710453, 
33.5143428 
),
    (211, 
172, 
'вулиця Каткова 2', 
'Кривий Ріг', 
'Дніпропетровська', 
'50102', 
47.68707, 
33.1480375 
),
    (212, 
173, 
'вулиця Каткова 2', 
'Кривий Ріг', 
'Дніпропетровська', 
'50102', 
47.6870159, 
33.1477651 
),
    (213, 
106, 
'вулиця Каткова 2', 
'Кривий Ріг', 
'Дніпропетровська', 
'50102', 
47.6879495, 
33.1512928 
),
    (214, 
170, 
'вулиця Каткова 2', 
'Кривий Ріг', 
'Дніпропетровська', 
'50102', 
47.687142, 
33.1484691 
),
    (215, 
170, 
'Женевська вулиця 6б', 
'Кривий Ріг', 
'Дніпропетровська', 
'50031', 
47.9826054, 
33.4412395 
),
    (216, 
174, 
'Женевська вулиця 6б', 
'Кривий Ріг', 
'Дніпропетровська', 
NULL, 
47.9824579, 
33.44124 
),
    (217, 
175, 
'вулиця Маршака 1а', 
'Кривий Ріг', 
'Дніпропетровська', 
'50089', 
48.1434287, 
33.5832327 
),
    (218, 
176, 
'вулиця Маршака 1а', 
'Кривий Ріг', 
'Дніпропетровська', 
'50089', 
48.1434231, 
33.5835431 
),
    (219, 
177, 
'вулиця Захисників Азовсталі 8', 
'Кривий Ріг', 
'Дніпропетровська', 
NULL, 
48.0132511, 
33.4652334 
),
    (220, 
178, 
'вулиця Ярослава Мудрого 40', 
'Кривий Ріг', 
'Дніпропетровська', 
NULL, 
47.9121781, 
33.3964953 
),
    (221, 
179, 
'Гагаріна 72', 
'Кривий Ріг', 
'Дніпропетровська', 
NULL, 
47.9074921, 
33.4204105 
),
    (222, 
180, 
'Гагарина 38', 
'Кривий Ріг', 
'Дніпропетровська', 
NULL, 
47.9089878, 
33.4052065 
),
    (223, 
181, 
'Гагарина 62б', 
'Кривий Ріг', 
'Дніпропетровська', 
NULL, 
47.9079343, 
33.4175457 
),
    (224, 
182, 
'Металлургов 28а', 
'Кривий Ріг', 
'Дніпропетровська', 
NULL, 
47.9010406, 
33.3940516 
),
    (225, 
32, 
'проспект Металургів 42', 
'Кривий Ріг', 
'Дніпропетровська', 
NULL, 
47.9092552, 
33.3926895 
),
    (226, 
183, 
'Університетський проспект 3', 
'Кривий Ріг', 
'Дніпропетровська', 
'50027', 
47.9105526, 
33.3930735 
),
    (227, 
126, 
'вулиця Лісового 13А', 
'Кривий Ріг', 
'Дніпропетровська', 
NULL, 
47.9494524, 
33.4517491 
),
    (228, 
126, 
'Гірницький мікрорайон 1', 
'Кривий Ріг', 
'Дніпропетровська', 
NULL, 
47.964513, 
33.4572873 
),
    (229, 
116, 
'Свято-Миколаївська вулиця 54', 
'Кривий Ріг', 
'Дніпропетровська', 
NULL, 
47.9014157, 
33.33974 
),
    (230, 
116, 
'проспект Перемоги 35', 
'Кривий Ріг', 
'Дніпропетровська', 
'50102', 
47.6823329, 
33.1591618 
),
    (231, 
184, 
'вулиця Мартіна Шимановського 5', 
'Кривий Ріг', 
'Дніпропетровська', 
'50000', 
47.895589, 
33.3375443 
),
    (232, 
15, 
'Свято-Миколаївська вулиця 44/13', 
'Кривий Ріг', 
'Дніпропетровська', 
'50000', 
47.9017481, 
33.338388 
),
    (233, 
185, 
'Haharina Ave 54', 
'Кривий Ріг', 
'Дніпропетровська', 
'50086', 
47.9082494, 
33.4094803 
),
    (234, 
186, 
'Паровозна вулиця 26а', 
'Кривий Ріг', 
'Дніпропетровська', 
NULL, 
47.9157017, 
33.445089 
),
    (235, 
32, 
'вулиця Петра Дорошенка 15', 
'Кривий Ріг', 
'Дніпропетровська', 
NULL, 
47.9012108, 
33.4192944 
),
    (236, 
32, 
'вулиця Симона Петлюри 1', 
'Кривий Ріг', 
'Дніпропетровська', 
NULL, 
48.0426132, 
33.4811273 
),
    (237, 
110, 
'вулиця Романа Шухевича 21', 
'Кривий Ріг', 
'Дніпропетровська', 
NULL, 
48.0374296, 
33.4803516 
),
    (238, 
181, 
'вулиця Володимира Терещенка 1е', 
'Кривий Ріг', 
'Дніпропетровська', 
NULL, 
48.1453161, 
33.5620301 
),
    (239, 
32, 
'вулиця Володимира Терещенка 1е', 
'Кривий Ріг', 
'Дніпропетровська', 
NULL, 
48.14534, 
33.5617036 
),
    (240, 
179, 
'вулиця Володимира Терещенка 1к', 
'Кривий Ріг', 
'Дніпропетровська', 
NULL, 
48.1454388, 
33.561401 
),
    (241, 
116, 
'вулиця Володимира Терещенка 1-У', 
'Кривий Ріг', 
'Дніпропетровська', 
NULL, 
48.144778, 
33.5626316 
),
    (242, 
187, 
'Вечірньокутська вулиця 5А', 
'Кривий Ріг', 
'Дніпропетровська', 
'50050', 
47.9236286, 
33.4481362 
),
    (243, 
188, 
'вулиця Петра Дорошенка 5а', 
'Кривий Ріг', 
'Дніпропетровська', 
NULL, 
47.9018121, 
33.419996 
),
    (244, 
189, 
'проспект Перемоги 13', 
'Кривий Ріг', 
'Дніпропетровська', 
NULL, 
47.6835941, 
33.1653723 
),
    (245, 
190, 
'вулиця Олександра Поля 1', 
'Кривий Ріг', 
'Дніпропетровська', 
NULL, 
47.9037048, 
33.3410436 
),
    (246, 
116, 
'Чарівна вулиця 1', 
'Кривий Ріг', 
'Дніпропетровська', 
NULL, 
48.0740252, 
33.5163206 
),
    (247, 
191, 
'вулиця Корнія Речмидила 36', 
'Кривий Ріг', 
'Дніпропетровська', 
NULL, 
48.0149948, 
33.4629089 
),
    (248, 
15, 
'вулиця Олексія Різниченка 5а', 
'Кривий Ріг', 
'Дніпропетровська', 
NULL, 
47.9707766, 
33.4426801 
),
    (249, 
192, 
'вулиця Джона Маккейна 5', 
'Кривий Ріг', 
'Дніпропетровська', 
NULL, 
48.030978, 
33.480734 
),
    (250, 
35, 
'вулиця Джона Маккейна 2', 
'Кривий Ріг', 
'Дніпропетровська', 
NULL, 
48.0290515, 
33.4796658 
),
    (251, 
35, 
'вулиця Джона Маккейна 9', 
'Кривий Ріг', 
'Дніпропетровська', 
NULL, 
48.0322121, 
33.4816442 
),
    (252, 
193, 
'вулиця Федора Караманиць 26', 
'Кривий Ріг', 
'Дніпропетровська', 
NULL, 
48.0220361, 
33.4714254 
),
    (253, 
179, 
'вулиця Миколи Світальського 15', 
'Кривий Ріг', 
'Дніпропетровська', 
NULL, 
47.9721121, 
33.4449721 
),
    (254, 
194, 
'вулиця Миколи Світальського 15', 
'Кривий Ріг', 
'Дніпропетровська', 
NULL, 
47.972109, 
33.4454315 
),
    (255, 
116, 
'вулиця Івана Авраменка 3-Г', 
'Кривий Ріг', 
'Дніпропетровська', 
NULL, 
47.9383802, 
33.4264666 
),
    (256, 
116, 
'4-й Зарічний мікрорайон 21-Ж', 
'Кривий Ріг', 
'Дніпропетровська', 
NULL, 
47.9996161, 
33.480564 
),
    (257, 
116, 
'проспект 200-річчя Кривого Рогу 14-А', 
'Кривий Ріг', 
'Дніпропетровська', 
NULL, 
47.9652475, 
33.4356934 
),
    (258, 
116, 
'вулиця Романа Шухевича 2', 
'Кривий Ріг', 
'Дніпропетровська', 
NULL, 
48.0303296, 
33.475602 
),
    (259, 
116, 
'вулиця Олексія Різниченка 5-А', 
'Кривий Ріг', 
'Дніпропетровська', 
NULL, 
47.9708685, 
33.4423667 
),
    (260, 
116, 
'проспект Перемоги 35', 
'Кривий Ріг', 
'Дніпропетровська', 
NULL, 
47.6822994, 
33.1591523 
),
    (261, 
116, 
'вулиця Федора Караманиць 66-А', 
'Кривий Ріг', 
'Дніпропетровська', 
NULL, 
48.0103655, 
33.4809208 
),
    (262, 
190, 
'вулиця Соборності 8', 
'Кривий Ріг', 
'Дніпропетровська', 
NULL, 
47.8993784, 
33.3963802 
),
    (263, 
195, 
'вулиця Гірничих Інженерів 10', 
'Кривий Ріг', 
'Дніпропетровська', 
NULL, 
47.9081836, 
33.3489829 
),
    (264, 
116, 
'Алмазна вулиця 18', 
'Кривий Ріг', 
'Дніпропетровська', 
NULL, 
47.897296, 
33.2937053 
),
    (265, 
116, 
'4-й Зарічний мікрорайон 21-К', 
'Кривий Ріг', 
'Дніпропетровська', 
NULL, 
47.9995479, 
33.4781259 
),
    (266, 
116, 
'вулиця Лісового 34-А', 
'Кривий Ріг', 
'Дніпропетровська', 
NULL, 
47.951521, 
33.4572369 
),
    (267, 
32, 
'вулиця Героїв Маріуполя 44-А', 
'Кривий Ріг', 
'Дніпропетровська', 
NULL, 
48.1429167, 
33.5891533 
),
    (268, 
32, 
'вулиця Івана Авраменка 21', 
'Кривий Ріг', 
'Дніпропетровська', 
NULL, 
47.9372787, 
33.427062 
),
    (269, 
32, 
'вулиця Володимира Великого 36-Б', 
'Кривий Ріг', 
'Дніпропетровська', 
NULL, 
47.9447193, 
33.4254152 
);

INSERT INTO organization_categories (organization_id, 
category_id
)
 values
    (1, 
1
),
    (2, 
2
),
    (3, 
3
),
    (4, 
3
),
    (5, 
2
),
    (6, 
2
),
    (7, 
4
),
    (8, 
5
),
    (9, 
6
),
    (10, 
7
),
    (11, 
3
),
    (12, 
2
),
    (13, 
1
),
    (14, 
3
),
    (15, 
1
),
    (16, 
4
),
    (17, 
6
),
    (18, 
5
),
    (19, 
3
),
    (20, 
6
),
    (21, 
3
),
    (22, 
3
),
    (23, 
2
),
    (24, 
3
),
    (25, 
4
),
    (26, 
5
),
    (27, 
1
),
    (28, 
6
),
    (29, 
4
),
    (30, 
3
),
    (31, 
4
),
    (32, 
1
),
    (33, 
2
),
    (34, 
1
),
    (35, 
1
),
    (36, 
4
),
    (37, 
7
),
    (38, 
4
),
    (39, 
6
),
    (40, 
4
),
    (41, 
8
),
    (42, 
4
),
    (43, 
7
),
    (44, 
4
),
    (45, 
2
),
    (46, 
5
),
    (47, 
4
),
    (48, 
1
),
    (49, 
1
),
    (50, 
2
),
    (51, 
4
),
    (52, 
2
),
    (53, 
5
),
    (54, 
9
),
    (55, 
3
),
    (56, 
3
),
    (57, 
1
),
    (58, 
3
),
    (59, 
5
),
    (60, 
5
),
    (61, 
3
),
    (62, 
1
),
    (63, 
1
),
    (64, 
8
),
    (65, 
2
),
    (66, 
1
),
    (67, 
4
),
    (68, 
5
),
    (69, 
1
),
    (70, 
1
),
    (71, 
10
),
    (72, 
3
),
    (73, 
1
),
    (74, 
5
),
    (75, 
3
),
    (76, 
1
),
    (77, 
4
),
    (78, 
1
),
    (79, 
5
),
    (80, 
3
),
    (81, 
3
),
    (82, 
5
),
    (83, 
8
),
    (84, 
1
),
    (85, 
8
),
    (86, 
6
),
    (87, 
1
),
    (88, 
3
),
    (89, 
1
),
    (90, 
6
),
    (91, 
1
),
    (92, 
1
),
    (93, 
1
),
    (94, 
5
),
    (95, 
4
),
    (96, 
3
),
    (97, 
1
),
    (98, 
4
),
    (99, 
5
),
    (100, 
5
),
    (101, 
5
),
    (102, 
8
),
    (103, 
5
),
    (104, 
4
),
    (105, 
4
),
    (106, 
4
),
    (107, 
1
),
    (108, 
5
),
    (109, 
3
),
    (110, 
5
),
    (111, 
5
),
    (112, 
3
),
    (113, 
2
),
    (114, 
1
),
    (115, 
4
),
    (116, 
4
),
    (117, 
1
),
    (118, 
1
),
    (119, 
1
),
    (120, 
4
),
    (121, 
1
),
    (122, 
1
),
    (123, 
10
),
    (124, 
5
),
    (125, 
1
),
    (126, 
4
),
    (127, 
3
),
    (128, 
2
),
    (129, 
4
),
    (130, 
5
),
    (131, 
1
),
    (132, 
10
),
    (133, 
1
),
    (134, 
8
),
    (135, 
1
),
    (136, 
2
),
    (137, 
1
),
    (138, 
5
),
    (139, 
1
),
    (140, 
1
),
    (141, 
1
),
    (142, 
6
),
    (143, 
5
),
    (144, 
5
),
    (145, 
5
),
    (146, 
2
),
    (147, 
5
),
    (148, 
1
),
    (149, 
4
),
    (150, 
7
),
    (151, 
1
),
    (152, 
5
),
    (153, 
2
),
    (154, 
5
),
    (155, 
1
),
    (156, 
7
),
    (157, 
1
),
    (158, 
1
),
    (159, 
1
),
    (160, 
1
),
    (161, 
1
),
    (162, 
1
),
    (163, 
1
),
    (164, 
2
),
    (165, 
1
),
    (166, 
2
),
    (167, 
4
),
    (168, 
4
),
    (169, 
4
),
    (170, 
4
),
    (171, 
4
),
    (172, 
4
),
    (173, 
4
),
    (174, 
4
),
    (175, 
4
),
    (176, 
4
),
    (177, 
1
),
    (178, 
2
),
    (179, 
4
),
    (180, 
4
),
    (181, 
5
),
    (182, 
4
),
    (183, 
2
),
    (184, 
5
),
    (185, 
2
),
    (186, 
1
),
    (187, 
3
),
    (188, 
5
),
    (189, 
4
),
    (190, 
4
),
    (191, 
5
),
    (192, 
1
),
    (193, 
10
),
    (194, 
1
),
    (195, 
4
);

